<?xml version="1.0" encoding="UTF-8"?>
<project-private xmlns="http://www.netbeans.org/ns/project-private/1">
    <editor-bookmarks xmlns="http://www.netbeans.org/ns/editor-bookmarks/2" lastBookmarkId="9">
        <file>
            <url>src/javaapp2/Course.java</url>
            <bookmark id="6">
                <name/>
                <line>12</line>
                <key/>
            </bookmark>
            <bookmark id="9">
                <name/>
                <line>40</line>
                <key/>
            </bookmark>
        </file>
        <file>
            <url>src/javaapp2/JavaApp2.java</url>
            <bookmark id="8">
                <name/>
                <line>52</line>
                <key/>
            </bookmark>
            <bookmark id="4">
                <name/>
                <line>54</line>
                <key/>
            </bookmark>
            <bookmark id="3">
                <name/>
                <line>67</line>
                <key/>
            </bookmark>
            <bookmark id="5">
                <name/>
                <line>69</line>
                <key/>
            </bookmark>
        </file>
    </editor-bookmarks>
    <open-files xmlns="http://www.netbeans.org/ns/projectui-open-files/2">
        <group/>
    </open-files>
</project-private>
